<?xml version="1.0" encoding="UTF-8" standalone="yes"?>
<addon id="service.subtitles.subztv.gr" name="SubzTV" version="1.0.2" provider-name="thgiliwt">
	<requires>
		<import addon="xbmc.python" version="2.24.0"/>
		<import addon="script.module.tulip" version="1.0.6" />
	</requires>
	<extension point="xbmc.subtitle.module" library="service.py">
	</extension>
	<extension point="xbmc.addon.metadata">
		<summary lang="en">SubzTV</summary>
		<description lang="en">Search and download subtitles from subztv.gr</description>
		<description lang="el">Εύρεση και λήψη υποτίτλων από το subztv.gr</description>
		<disclaimer lang="en">This service is only for Greek subtitles and not published nor endorsed by subztv.gr</disclaimer>
		<disclaimer lang="el">Υπηρεσία μόνο ελληνικών υποτίτλων που δεν έχει δημοσιευθεί ούτε εγκριθεί από το subztv.gr</disclaimer>
		<license>GNU GENERAL PUBLIC LICENSE. Version 3, 29 June 2007</license>
		<source>https://github.com/lambda81/service.subtitles.subztv.gr</source>
		<website>http://subztv.gr/</website>
		<platform>all</platform>
		<language>el</language>
		<forum></forum>
		<email></email>
	</extension>
</addon>